BJD,flux,flux_err,texp
2459771.144275343,1.0001439519735704,3.605188149855595e-05,0.00043844406172866
2459771.144801476,0.9998178300242775,3.604647080890665e-05,0.00043844408355653286
2459771.1453276086,0.9999916875406785,3.604728722773473e-05,0.00043844407628057525
2459771.1458537416,0.9999853127609569,3.6047959691936084e-05,0.00043844408355653286
2459771.1463798746,1.0000254437572327,3.604583025672955e-05,0.00043844407628057525
2459771.1469060075,1.0000384956436983,3.6049027151016556e-05,0.00043844408355653286
2459771.14743214,1.0000996237151234,3.6048368598658145e-05,0.00043844407628057525
2459771.147958273,1.000012795103003,3.604685670495365e-05,0.00043844406900461763
2459771.148484406,1.0000451758205728,3.604715991291167e-05,0.0004384440908324905
2459771.149010539,1.0002314023073577,3.604864816544679e-05,0.00043844406172866
2459771.149536672,1.0002019710854801,3.60506203865257e-05,0.00043844407628057525
2459771.1500628046,1.0000180059464017,3.604694497388383e-05,0.00043844406900461763
2459771.1505889376,0.9998563117532897,3.604607141603102e-05,0.00043844408355653286
2459771.1511150706,1.0001999211244126,3.604758061805996e-05,0.00043844406900461763
2459771.1516412036,1.000305793841755,3.6048939563642035e-05,0.00043844408355653286
2459771.152167336,1.0001623487823703,3.604872327274047e-05,0.00043844406900461763
2459771.152693469,1.0000529496766517,3.60468607333803e-05,0.00043844407628057525
2459771.153219602,1.0002397714934386,3.604851392611372e-05,0.00043844407628057525
2459771.153745735,1.000013511269422,3.6046978932824356e-05,0.00043844407628057525
2459771.154271868,1.0000309793107693,3.60473238939144e-05,0.00043844406900461763
2459771.154790029,1.0001012797795472,3.660647674782474e-05,0.00042515787936281413
2459771.1553002186,0.9999093624009269,3.6605544262379556e-05,0.00042515788663877174
2459771.155810408,0.9998714509571157,3.660523235362692e-05,0.00042515788663877174
2459771.1563205975,0.9999613397207865,3.660481226421653e-05,0.00042515787936281413
2459771.1568307867,0.9999581358295334,3.660494067842179e-05,0.0004251579084666446
2459771.1573409764,1.0001273578619563,3.660613442141979e-05,0.00042515788663877174
2459771.1578511656,1.000079428953304,3.6604028339945676e-05,0.00042515789391472936
2459771.1583613553,0.9998902386739198,3.660465611464394e-05,0.00042515789391472936
2459771.158871545,0.9999827603897786,3.6605244552060906e-05,0.0004251578720868565
2459771.159381734,1.0000977472255828,3.660780739837752e-05,0.00042515790119068697
2459771.159891924,1.00001075760588,3.6605689333169e-05,0.00042515790119068697
2459771.160402113,1.0002967592427612,3.6608209582444924e-05,0.0004251578720868565
2459771.160912303,1.000168483407907,3.6605964753579073e-05,0.00042515789391472936
2459771.161422492,0.9998931739062388,3.660479830048604e-05,0.00042515788663877174
2459771.1619326817,0.9999674833038636,3.660578560896776e-05,0.00042515788663877174
2459771.162442871,0.9999945360759972,3.660416344078806e-05,0.00042515788663877174
2459771.1629530606,1.0000603462719164,3.6606625972870985e-05,0.00042515788663877174
2459771.16346325,1.000084060268714,3.660854642141692e-05,0.00042515788663877174
2459771.1639734395,0.9999505181057038,3.660565895719984e-05,0.00042515788663877174
2459771.1644836287,1.0000371751284785,3.6607428684683824e-05,0.00042515789391472936
2459771.1649938184,1.0000870989510344,3.660870009235191e-05,0.00042515788663877174
2459771.165504008,0.9999773361145822,3.660640812947983e-05,0.00042515789391472936
2459771.1660141973,0.9999164501518534,3.660337721094223e-05,0.00042515787936281413
2459771.166524387,0.9998109359067352,3.6604383194049446e-05,0.00042515789391472936
2459771.167034576,1.000049491144959,3.660628308831962e-05,0.00042515789391472936
2459771.167544766,0.9999629005181744,3.660869650664053e-05,0.00042515788663877174
2459771.168054955,0.9998242933534998,3.660568864015353e-05,0.00042515787936281413
2459771.1685651448,1.000007293756174,3.660678312946646e-05,0.00042515790119068697
2459771.169075334,1.0001935340874513,3.660808851203941e-05,0.00042515788663877174
2459771.1695855237,1.000193569231439,3.660930754217567e-05,0.00042515789391472936
2459771.170095713,1.0002233571049004,3.660908302603366e-05,0.00042515789391472936
2459771.1706059026,1.0001831146940041,3.6608850854634313e-05,0.00042515787936281413
2459771.171116092,1.0002436677731297,3.6606438463260235e-05,0.00042515788663877174
2459771.1716262815,1.0001987698533747,3.6606839023599514e-05,0.00042515788663877174
2459771.1721364707,1.0001040804047325,3.660722209982748e-05,0.00042515788663877174
2459771.1726466604,1.0000139442336178,3.6607258738232774e-05,0.00042515789391472936
2459771.17315685,1.0000242000491852,3.660734346345008e-05,0.00042515789391472936
2459771.1736670393,1.0001165314270961,3.660635604950645e-05,0.00042515787936281413
2459771.174177229,0.9998105276315233,3.6604022040426556e-05,0.00042515788663877174
2459771.174687418,1.0000969675401221,3.660728944248268e-05,0.00042515788663877174
2459771.175197608,0.9996919834176353,3.660656321356268e-05,0.00042515788663877174
2459771.175707797,0.9997339150927902,3.660371434052609e-05,0.00042515789391472936
2459771.1762179867,1.0000092258091438,3.6606453951317544e-05,0.00042515787936281413
2459771.176728176,1.00027401351893,3.6610286279205186e-05,0.00042515788663877174
2459771.1772383656,1.0000167837500828,3.660799286911309e-05,0.00042515788663877174
2459771.177748555,0.999948200277019,3.660826012048225e-05,0.00042515787936281413
2459771.1782587445,1.0000757548308208,3.66071644521277e-05,0.00042515789391472936
2459771.1787689338,0.9998932117754182,3.6607639371733235e-05,0.00042515789391472936
2459771.1792791234,1.0000144923167555,3.660782684023284e-05,0.00042515787936281413
2459771.1797893126,1.0000388166153096,3.6607109308487924e-05,0.00042515788663877174
2459771.1802995023,1.000223657723648,3.66097931368571e-05,0.00042515788663877174
2459771.1808096915,1.000043743605633,3.660878600853386e-05,0.00042515787936281413
2459771.181319881,0.9998976318585342,3.660699622480433e-05,0.00042515788663877174
2459771.181830071,0.9999869327382198,3.660837618949933e-05,0.00042515787936281413
2459771.18234026,0.9998744212714437,3.660777340820225e-05,0.00042515788663877174
2459771.18285045,1.0001934709128888,3.6614640943566876e-05,0.00042515790119068697
2459771.183360639,0.999933494870151,3.660809808050528e-05,0.0004251578720868565
2459771.1838708287,0.999905695746017,3.660896543009502e-05,0.00042515787936281413
2459771.184381018,1.0001132140869906,3.661025030200247e-05,0.00042515790119068697
2459771.1848912076,0.9998482749560408,3.660795658441014e-05,0.00042515787936281413
2459771.185401397,0.999922295164724,3.6608946378996016e-05,0.00042515787936281413
2459771.1859115865,0.9997311373828488,3.660744613658486e-05,0.00042515789391472936
2459771.1864217757,0.9999006021980841,3.660803588204987e-05,0.00042515787936281413
2459771.1869319654,0.9999405144433309,3.660854473849917e-05,0.00042515787936281413
2459771.1874421546,0.9998595768863218,3.6608933355199477e-05,0.00042515789391472936
2459771.1879523443,0.9998594081762455,3.660727345763998e-05,0.00042515787936281413
2459771.1884625335,0.9999264464741393,3.6610301952613477e-05,0.00042515788663877174
2459771.188972723,1.0001757750464038,3.661146555403323e-05,0.00042515788663877174
2459771.1894829124,1.0000049570775054,3.661000578631322e-05,0.00042515787936281413
2459771.189993102,0.9999182487173356,3.660814693105437e-05,0.00042515788663877174
2459771.1905032913,0.9999288092623173,3.6610720735791066e-05,0.00042515788663877174
2459771.191013481,1.0000729770794878,3.660925979950787e-05,0.00042515787936281413
2459771.1915236707,1.0000987210811696,3.6611788761973825e-05,0.00042515787936281413
2459771.19203386,0.9999439928527516,3.661034971368875e-05,0.00042515788663877174
2459771.1925440496,1.000004657028102,3.661037980291606e-05,0.00042515787936281413
2459771.193054239,0.9999308012839809,3.660873295264583e-05,0.00042515788663877174
2459771.1935644285,1.0000369135792317,3.6610818213621785e-05,0.00042515788663877174
2459771.1940746177,0.999998079513677,3.661062748586344e-05,0.00042515787936281413
2459771.1945848074,0.9999906235035652,3.6611067514504145e-05,0.00042515788663877174
2459771.1950949966,0.9999841796351753,3.6610272252453936e-05,0.00042515787936281413
2459771.1956051863,0.9998962524408495,3.660914789515885e-05,0.00042515788663877174
2459771.1961153755,0.999923919891013,3.660849905831209e-05,0.00042515788663877174
2459771.196625565,1.0001136445279752,3.661053195940133e-05,0.00042515787936281413
2459771.1971357544,1.0002574156558894,3.66097399309789e-05,0.00042515787936281413
2459771.197645944,1.0002487458856006,3.660957650395537e-05,0.0004251578720868565
2459771.1981561333,1.0000800414818838,3.66104046634544e-05,0.00042515787936281413
2459771.198666323,1.0002958858486035,3.661265180829961e-05,0.00042515788663877174
2459771.199176512,1.0001190822395851,3.661171988095702e-05,0.00042515787936281413
2459771.199686702,1.000274193666963,3.661271201141917e-05,0.00042515787936281413
2459771.200196891,1.00018170917801,3.66129869924672e-05,0.00042515788663877174
2459771.200707081,1.0000324362281605,3.661155652662933e-05,0.00042515787936281413
2459771.20121727,1.000182184283597,3.661271048286721e-05,0.0004251578720868565
2459771.2017274597,1.0000988086157485,3.6612061671292274e-05,0.00042515789391472936
2459771.202237649,1.0000980335419636,3.6611242281926264e-05,0.0004251578720868565
2459771.2027478386,0.9999149476766717,3.660908131500002e-05,0.0004251578720868565
2459771.203258028,0.9999982922507024,3.66097357013765e-05,0.00042515789391472936
2459771.2037682175,0.9998865704114431,3.661124726544168e-05,0.00042515787936281413
2459771.2042784067,1.0001022216657838,3.661214763711287e-05,0.00042515787936281413
2459771.2047885964,0.9998921044663769,3.661302832224892e-05,0.00042515788663877174
2459771.205298786,1.0000012639471252,3.661506566843227e-05,0.0004251578720868565
2459771.2058089753,1.000029035332113,3.6612618394942344e-05,0.00042515787936281413
2459771.206319165,0.9998755030047579,3.661173554653834e-05,0.00042515788663877174
2459771.206829354,0.9996570802859018,3.660970239084012e-05,0.00042515787936281413
2459771.207339544,0.9997477152775559,3.6610237628051286e-05,0.00042515788663877174
2459771.207849733,0.9997983644535204,3.661331169121801e-05,0.00042515788663877174
2459771.2083599227,0.9999579400296862,3.661264641385615e-05,0.0004251578720868565
2459771.208870112,0.9999030047930272,3.661094455495379e-05,0.00042515787936281413
2459771.2093803016,0.9998841080999984,3.661326313089219e-05,0.00042515787936281413
2459771.209890491,0.9998673371461126,3.6611730756768376e-05,0.00042515787936281413
2459771.2104006805,1.000002113413547,3.6612776628330494e-05,0.00042515787936281413
2459771.2109108698,1.000169792036274,3.661580254799489e-05,0.00042515787936281413
2459771.2114210594,1.0002076889454716,3.6613839467222166e-05,0.0004251578720868565
2459771.2119312487,1.0000104164751606,3.6613256165632126e-05,0.00042515789391472936
2459771.2124414383,1.0000053890565044,3.661030327377005e-05,0.0004251578720868565
2459771.2129516276,1.00009106923852,3.661156791320512e-05,0.00042515787936281413
2459771.2134618172,1.0000714640455544,3.6613862553182806e-05,0.00042515788663877174
2459771.2139720065,0.9999462684078874,3.6610098232789175e-05,0.00042515787936281413
2459771.214482196,0.9999558188315045,3.661326995889008e-05,0.00042515788663877174
2459771.2149923854,0.9999165726419006,3.661319289194379e-05,0.00042515788663877174
2459771.215502575,1.0003105251541209,3.661660825480819e-05,0.00042515787936281413
2459771.2160127643,0.9999353697591019,3.661385886676883e-05,0.0004251578720868565
2459771.216522954,0.9998925796080985,3.661273860166211e-05,0.00042515788663877174
2459771.217033143,0.9998359192490879,3.6613537429921044e-05,0.0004251578648108989
2459771.217543333,0.9999310173439776,3.6614051945880816e-05,0.00042515787936281413
2459771.218053522,0.9999417828723016,3.661343358864444e-05,0.00042515787936281413
2459771.2185637117,1.0000764674596976,3.661368348012369e-05,0.0004251578720868565
2459771.219073901,1.0002003203653063,3.661444732811027e-05,0.00042515787936281413
2459771.2195840906,1.000197925750229,3.66141701463778e-05,0.0004251578720868565
2459771.22009428,1.0002519230620661,3.661531563575038e-05,0.0004251578648108989
2459771.2206044695,1.000236468335159,3.66142259648433e-05,0.00042515787936281413
2459771.2211146588,1.0001578377426907,3.6613649131989524e-05,0.0004251578720868565
2459771.2216248484,1.0002692406948583,3.661580618017316e-05,0.00042515787936281413
2459771.2221350376,1.0003592821118057,3.6618163240977235e-05,0.00042515789391472936
2459771.2226452273,1.0005255613779866,3.6620264333982686e-05,0.00042515787936281413
2459771.2231554165,1.0003175397080015,3.6615824327893916e-05,0.00042515787936281413
2459771.223665606,1.0003658694177646,3.6615653219501453e-05,0.00042515788663877174
2459771.2241757954,1.0003716763202115,3.661793819582086e-05,0.0004251578720868565
2459771.224685985,1.000177319554492,3.661513820174244e-05,0.00042515787936281413
2459771.2251961743,1.0003015842514962,3.661565932637387e-05,0.0004251578720868565
2459771.225706364,1.0002490726508184,3.661442630250272e-05,0.0004251578720868565
2459771.2262165532,1.0000561303203577,3.6616201810225754e-05,0.00042515788663877174
2459771.226726743,1.0000130332761765,3.6615442329108096e-05,0.0004251578720868565
2459771.227236932,1.0001017612228802,3.661571958955187e-05,0.0004251578720868565
2459771.227747122,1.0003079385405664,3.6616205734215535e-05,0.0004251578648108989
2459771.228257311,0.9999337570326955,3.6614223508093664e-05,0.00042515788663877174
2459771.2287675007,1.0000895130633023,3.661725676681241e-05,0.00042515787936281413
2459771.22927769,1.0002055803890593,3.6618006471800046e-05,0.00042515788663877174
2459771.2297878796,1.000141422763136,3.6615781511685526e-05,0.0004251578648108989
2459771.230298069,1.0002478724631598,3.66160533143946e-05,0.00042515787936281413
2459771.2308082585,1.0002372764610767,3.661641261295286e-05,0.00042515787936281413
2459771.2313184477,1.0001925584951354,3.661720609720539e-05,0.0004251578648108989
2459771.2318286374,1.000554266758176,3.6620743420874846e-05,0.00042515787936281413
2459771.2323388266,1.0002881101061574,3.661703773954244e-05,0.00042515787936281413
2459771.2328490163,1.0003558840214624,3.661732923834647e-05,0.0004251578720868565
2459771.2333592055,1.000320177366551,3.661858097830362e-05,0.0004251578720868565
2459771.233869395,1.0002442725669443,3.66187642099145e-05,0.00042515787936281413
2459771.2343795844,1.00020431244095,3.661716035899096e-05,0.0004251578648108989
2459771.234889774,1.0003723294839029,3.661723640287668e-05,0.0004251578720868565
2459771.2353999633,1.0002753628245973,3.6618593179718534e-05,0.0004251578720868565
2459771.235910153,1.0002577798414838,3.6618858441978696e-05,0.0004251578648108989
2459771.2364203422,1.0002562964318191,3.661855388782261e-05,0.00042515787936281413
2459771.236930532,1.0001099148085502,3.6618616816193256e-05,0.0004251578575349413
2459771.237440721,1.000200675920781,3.6616819272424204e-05,0.0004251578720868565
2459771.237950911,1.000068063819402,3.6617415952900845e-05,0.00042515789391472936
2459771.2384611,1.0000354933934852,3.661833091667398e-05,0.0004251578648108989
2459771.2389712897,1.0000831193015896,3.6617578981914304e-05,0.0004251578575349413
2459771.239481479,1.0001362135906502,3.661869192876094e-05,0.00042515788663877174
2459771.2399916686,1.0001550827220267,3.66194953312208e-05,0.0004251578648108989
2459771.240501858,1.00012301841042,3.661978139013502e-05,0.0004251578648108989
2459771.2410120475,1.0001478619918978,3.661868820833577e-05,0.00042515788663877174
2459771.2415302084,0.9998268208070904,3.605107826456931e-05,0.0004384440471767448
2459771.2420563414,0.9994764719679631,3.604831652633864e-05,0.0004384440544527024
2459771.2425824744,0.9996095236340512,3.604885203260797e-05,0.00043844406172866
2459771.2431086074,0.9996739393407316,3.604993291221029e-05,0.0004384440471767448
2459771.24363474,0.9996715838575018,3.6048972288045104e-05,0.00043844406900461763
2459771.244160873,0.9996955444004175,3.604734709549767e-05,0.0004384440544527024
2459771.244687006,0.999799828362257,3.604974241638154e-05,0.00043844406172866
2459771.245213139,0.9999433912694758,3.605152748627064e-05,0.0004384440544527024
2459771.2457392714,1.0000692802553575,3.6052852820876235e-05,0.00043844406172866
2459771.2462654044,0.9999062779292516,3.6054299314497725e-05,0.0004384440544527024
2459771.2467915374,0.9997692961998447,3.605154807322065e-05,0.00043844406900461763
2459771.24731767,0.9998853664028655,3.605116835832854e-05,0.0004384440471767448
2459771.247843803,0.9999102124092464,3.605035607188694e-05,0.00043844406172866
2459771.248369936,0.9998978417195742,3.605061577359356e-05,0.0004384440544527024
2459771.248896069,0.9998408889810563,3.605199135067438e-05,0.0004384440544527024
2459771.2494222014,0.999770482538019,3.605129608838208e-05,0.00043844406172866
2459771.2499483344,0.9997338559194188,3.6051635204118916e-05,0.0004384440471767448
2459771.2504744674,0.999876344690795,3.605106530207303e-05,0.00043844406172866
2459771.2510006004,0.999599325013231,3.60513960636223e-05,0.0004384440471767448
2459771.251526733,0.9999289841637936,3.605382067179333e-05,0.00043844406172866
2459771.2520448943,0.999813137778407,3.660973358734383e-05,0.0004251578648108989
2459771.2525550835,0.9997416747593041,3.661071671843727e-05,0.00042515787936281413
2459771.253065273,0.9997946723783377,3.6610500554588545e-05,0.0004251578720868565
2459771.2535754624,0.9998556708368321,3.6611921378815846e-05,0.0004251578648108989
2459771.254085652,0.9998920609224887,3.661295810926413e-05,0.00042515787936281413
2459771.2545958413,0.9998075329726772,3.661044841928602e-05,0.00042515785025898367
2459771.255106031,0.9997031549755563,3.660931848831123e-05,0.0004251578720868565
2459771.25561622,0.9997156445565487,3.661096153573233e-05,0.00042515787936281413
2459771.25612641,0.9997924425695915,3.6611910776442036e-05,0.00042515785025898367
2459771.256636599,0.9998856475240884,3.661327034983601e-05,0.0004251578720868565
2459771.2571467888,0.9999004673490476,3.6611263958291957e-05,0.00042515787936281413
2459771.257656978,0.9998379137740028,3.661334578783088e-05,0.0004251578575349413
2459771.2581671677,0.9997352548898474,3.6611782564123955e-05,0.0004251578648108989
2459771.258677357,0.9997356931924732,3.661091963466081e-05,0.00042515787936281413
2459771.2591875466,0.9996649347896884,3.6610817256946426e-05,0.0004251578648108989
2459771.259697736,0.9995062682188184,3.660852169009363e-05,0.0004251578720868565
2459771.2602079255,1.0000876270914858,3.661394036355879e-05,0.0004251578720868565
2459771.2607181147,0.9998612067588339,3.66131365643219e-05,0.0004251578575349413
2459771.2612283044,0.9997840672114657,3.66132651085874e-05,0.0004251578720868565
2459771.2617384936,0.9996435271438058,3.661187141050806e-05,0.00042515787936281413
2459771.2622486833,0.9996773868594463,3.661249132250004e-05,0.0004251578648108989
2459771.2627588725,0.9998028027099923,3.6615632543750554e-05,0.0004251578575349413
2459771.263269062,0.9995191536554046,3.6611956070877434e-05,0.0004251578720868565
2459771.2637792514,0.9994844470777678,3.660995483585725e-05,0.0004251578648108989
2459771.2642894406,0.9997467941290366,3.661263559282203e-05,0.0004251578720868565
2459771.2647996303,0.9996717786609141,3.6612528839858374e-05,0.0004251578720868565
2459771.2653098195,0.9997284275388342,3.661298133027181e-05,0.0004251578648108989
2459771.265820009,0.9996391307014264,3.6611406932088956e-05,0.0004251578648108989
2459771.2663301984,0.9997252528797727,3.661257739142975e-05,0.0004251578575349413
2459771.266840388,0.9997343001466669,3.6613792703687356e-05,0.0004251578720868565
2459771.2673505773,0.9997449680080565,3.66145669562698e-05,0.00042515787936281413
2459771.267860767,0.9996131308776679,3.6614045432388976e-05,0.0004251578648108989
2459771.268370956,0.9997411857346451,3.661468836448894e-05,0.0004251578648108989
2459771.268881146,0.9996293003664237,3.6614405419633695e-05,0.0004251578648108989
2459771.269391335,0.9995510404006016,3.661381602017792e-05,0.00042515787936281413
2459771.2699015248,0.9997668091670427,3.6615342177301705e-05,0.0004251578575349413
2459771.270411714,0.9999483454168488,3.6615841749040974e-05,0.0004251578575349413
2459771.2709219037,0.9998900390683686,3.661380110866863e-05,0.00042515787936281413
2459771.271432093,0.9998181598961794,3.6616079182574495e-05,0.0004251578648108989
2459771.2719422826,1.000011853072252,3.6617969744771685e-05,0.00042515787936281413
2459771.272452472,0.9999889966363752,3.6615035009739466e-05,0.00042515784298302606
2459771.2729626615,1.0000830255270579,3.661596582042923e-05,0.00042515789391472936
2459771.2734728507,0.9997600537108238,3.661421733505589e-05,0.00042515783570706844
2459771.2739830404,0.9997759892656138,3.6617792395022534e-05,0.0004251578720868565
2459771.2744932296,0.9997690337332851,3.661764517688933e-05,0.00042515789391472936
2459771.2750034193,0.999981875309454,3.661677670531204e-05,0.0004251578138791956
2459771.2755136085,0.999908170851899,3.6614877156936284e-05,0.0004251578720868565
2459771.2760237977,1.000016686264129,3.661519836146652e-05,0.00042515789391472936
2459771.2765339874,0.9998838277857796,3.6613315103070796e-05,0.00042515787936281413
2459771.2770441766,0.9995803945348867,3.661126860851344e-05,0.00042515782843111083
2459771.2775543663,0.9992909368697963,3.660552372952887e-05,0.00042515778477536514
2459771.2780645555,0.9993155820342409,3.660394203661745e-05,0.00042515787936281413
2459771.278574745,0.9990105217726455,3.659892188439235e-05,0.00042515788663877174
2459771.2790849344,0.998602545723226,3.6593070761918325e-05,0.00042515787936281413
2459771.279595124,0.9980896267064759,3.658615272341262e-05,0.00042515787936281413
2459771.2801053133,0.9977363416219887,3.658057873868425e-05,0.00042515788663877174
2459771.280615503,0.9973218720592987,3.657359345393175e-05,0.0004251578720868565
2459771.281125692,0.9970513380326693,3.656783431012238e-05,0.0004251577629474923
2459771.281635882,0.9963976039871437,3.655791262784268e-05,0.0004251578648108989
2459771.282146071,0.9961732542415557,3.6552730843018304e-05,0.00042515788663877174
2459771.2826562608,0.995749451676089,3.654308225525948e-05,0.00042515787936281413
2459771.28316645,0.9955624754375202,3.6538689067433404e-05,0.00042515788663877174
2459771.2836766397,0.9951801981396684,3.652947099590799e-05,0.0004251578211551532
2459771.284186829,0.9947535495479083,3.652113174799112e-05,0.00042515788663877174
2459771.2846970186,0.9940263483022445,3.651240952431832e-05,0.0004251578720868565
2459771.285207208,0.9934798559194843,3.650360271221421e-05,0.00042515784298302606
2459771.285717397,0.9931330174764428,3.6494738706569066e-05,0.00042515788663877174
2459771.2862275867,0.9925571399918184,3.648445296835332e-05,0.00042515784298302606
2459771.286737776,0.9919291898750839,3.64747334132305e-05,0.00042515787936281413
2459771.2872479656,0.9915431374381323,3.64655475316522e-05,0.00042515785025898367
2459771.287758155,0.9910318750422645,3.645935855417673e-05,0.0004251578720868565
2459771.2882683445,0.9904609423799058,3.6449514167832655e-05,0.0004251578575349413
2459771.2887785337,0.989878253930718,3.644044137649381e-05,0.0004251578575349413
2459771.2892887234,0.9894051683632032,3.6431720466358574e-05,0.0004251578720868565
2459771.2897989126,0.9888741342102041,3.642378311505701e-05,0.0004251578575349413
2459771.2903091023,0.9883438046224059,3.641341216161146e-05,0.0004251578720868565
2459771.2908192915,0.9878327179508886,3.64054782317127e-05,0.00042515785025898367
2459771.291329481,0.9874886754078516,3.639969444223153e-05,0.00042515785025898367
2459771.2918396704,0.9871993337216639,3.63924688615089e-05,0.00042515787936281413
2459771.29234986,0.9869798891670825,3.638617049121754e-05,0.0004251578648108989
2459771.2928600493,0.986242575554972,3.637952050630345e-05,0.0004251578648108989
2459771.293370239,0.986202839471673,3.637381592662046e-05,0.0004251578648108989
2459771.293880428,0.9858476389966908,3.636806405661509e-05,0.0004251578575349413
2459771.2943906174,0.9859594539405202,3.636765345337857e-05,0.00042515785025898367
2459771.294900807,0.9857004900379295,3.636484514684443e-05,0.0004251578575349413
2459771.2954109963,0.985608882074669,3.636309166861702e-05,0.0004251578575349413
2459771.295921186,0.9854863747432303,3.636115064138805e-05,0.0004251578648108989
2459771.296431375,0.9853420852965246,3.635957885303302e-05,0.0004251578648108989
2459771.296941565,0.9852465236185391,3.635754494835156e-05,0.0004251578575349413
2459771.297451754,0.985286410087198,3.6356516591297526e-05,0.0004251578575349413
2459771.297961944,0.9853539541409592,3.635740694487547e-05,0.0004251578720868565
2459771.298472133,0.9850744141356726,3.6356960808955525e-05,0.00042515785025898367
2459771.2989823227,0.9850527042492554,3.6354103965218485e-05,0.0004251578575349413
2459771.299492512,0.984802236486126,3.635183469894954e-05,0.0004251578720868565
2459771.3000027016,0.9849125325685808,3.6352647952810744e-05,0.00042515785025898367
2459771.300512891,0.9848816024266773,3.635284910242855e-05,0.0004251578648108989
2459771.30102308,0.9848217983336702,3.6351445507140474e-05,0.0004251578648108989
2459771.3015332697,0.9845013189665249,3.634640066431663e-05,0.0004251578575349413
2459771.302043459,0.9845656199805817,3.634739823386861e-05,0.0004251578648108989
2459771.3025536486,0.9846851368489961,3.634850499575817e-05,0.0004251578648108989
2459771.303063838,0.9845042619599479,3.634804539676884e-05,0.0004251578575349413
2459771.3035740275,0.9845837608204999,3.6347874796502675e-05,0.0004251578575349413
2459771.3040842167,0.9843057240296254,3.6342947256239605e-05,0.0004251578720868565
2459771.3045944064,0.984521591652185,3.634670402099189e-05,0.0004251578575349413
2459771.3051045956,0.9842906635197698,3.6344477033623245e-05,0.0004251578648108989
2459771.3056147853,0.9842446334390582,3.6342781661240934e-05,0.00042515785025898367
2459771.3061249745,0.9841856345724985,3.634316373221175e-05,0.0004251578575349413
2459771.306635164,0.984269085436076,3.634190849083911e-05,0.0004251578575349413
2459771.3071453534,0.9842540574790315,3.634275286280722e-05,0.00042515785025898367
2459771.3076555426,0.9844401432871102,3.6346441435797185e-05,0.0004251578720868565
2459771.3081657323,0.9841078916107018,3.63417251932002e-05,0.0004251578575349413
2459771.3086759215,0.9840197113969246,3.634019509169237e-05,0.0004251578575349413
2459771.309186111,0.9838445994788146,3.633815619010444e-05,0.0004251578648108989
2459771.3096963004,0.9836281480809187,3.633747450295924e-05,0.00042515785025898367
2459771.31020649,0.9838574984094554,3.633900977131686e-05,0.0004251578575349413
2459771.3107166793,0.9840291999484135,3.633982995546425e-05,0.0004251578720868565
2459771.311226869,0.9838870140223047,3.633580672646662e-05,0.00042515785025898367
2459771.311737058,0.9838098745055132,3.633624733070316e-05,0.00042515784298302606
2459771.312247248,0.9838531033605432,3.633788642544004e-05,0.0004251578648108989
2459771.312757437,0.9838311830719042,3.6337646126296056e-05,0.00042515784298302606
2459771.3132676263,0.9836230334896302,3.633663439884694e-05,0.0004251578575349413
2459771.313777816,0.9839535100774244,3.6338219444197206e-05,0.0004251578648108989
2459771.314288005,0.9839757665370477,3.6338168960302214e-05,0.00042515783570706844
2459771.314798195,0.9838967002817451,3.633776421655858e-05,0.00042515785025898367
2459771.315308384,0.9838113512978138,3.6334779069040984e-05,0.0004251578648108989
2459771.315818574,0.9838392815700812,3.633507842682803e-05,0.00042515785025898367
2459771.316328763,0.9836455147013153,3.6333091921384695e-05,0.00042515785025898367
2459771.3168389527,0.9838479255408509,3.633568597784629e-05,0.0004251578575349413
2459771.317349142,0.9837366356624032,3.6334783375721044e-05,0.0004251578648108989
2459771.3178593316,0.9836930302779805,3.6334084935495264e-05,0.00042515785025898367
2459771.318369521,0.9836989729044866,3.633458629400028e-05,0.0004251578575349413
2459771.31887971,0.9837758440513812,3.633554571553564e-05,0.0004251578648108989
2459771.3193898997,0.9837447014742802,3.6336140892637325e-05,0.00042515785025898367
2459771.319900089,0.9837559134161655,3.6336115762296544e-05,0.0004251578648108989
2459771.3204102786,0.9837974224378154,3.633586104637335e-05,0.00042515785025898367
2459771.320920468,0.9835727428301697,3.633347594056669e-05,0.00042515784298302606
2459771.3214306575,0.9838782123152273,3.633626332959664e-05,0.0004251578575349413
2459771.3219408467,0.983828323640981,3.633558916099412e-05,0.0004251578648108989
2459771.3224510364,0.9833686583355866,3.633319403671949e-05,0.0004251578575349413
2459771.3229612256,0.9834530291150597,3.633354530342702e-05,0.00042515785025898367
2459771.3234714153,0.9834087111424495,3.633528855364385e-05,0.0004251578648108989
2459771.3239816045,0.983321732548352,3.6334314076135875e-05,0.0004251578575349413
2459771.3244917938,0.9834982142429922,3.633435957043798e-05,0.0004251578575349413
2459771.3250019834,0.9833625961208906,3.633336075548838e-05,0.0004251578648108989
2459771.3255121727,0.9832108650398225,3.6333642485721396e-05,0.0004251578575349413
2459771.3260223623,0.9832823680918844,3.6332819158456565e-05,0.00042515785025898367
2459771.3265325516,0.9832729067627748,3.633465194103555e-05,0.0004251578720868565
2459771.3270427412,0.9832554400246636,3.633340801851341e-05,0.00042515784298302606
2459771.3275529305,0.9833030294142969,3.633437090150345e-05,0.0004251578575349413
2459771.32806312,0.9836317203153899,3.6336051324922596e-05,0.0004251578648108989
2459771.3285733094,0.983580510449129,3.6337869682178874e-05,0.00042515785025898367
2459771.3290834986,0.9835104518186497,3.6336049604387606e-05,0.00042515785025898367
2459771.3295936882,0.9833089604295074,3.633375247435664e-05,0.0004251578648108989
2459771.3301038775,0.98336009782789,3.63346171338512e-05,0.0004251578575349413
2459771.330614067,0.9835391221876035,3.633584609765712e-05,0.00042515784298302606
2459771.3311242564,0.9837488531334954,3.6339047723381344e-05,0.00042515785025898367
2459771.331634446,0.9835505007625411,3.6335165410033974e-05,0.0004251578575349413
2459771.3321446353,0.9835775217066128,3.633545710054704e-05,0.00042515784298302606
2459771.332654825,0.9834137231984168,3.6334250625398556e-05,0.00042515785025898367
2459771.333165014,0.9837352336365456,3.633682984413023e-05,0.00042515784298302606
2459771.3336752034,0.9838347130992475,3.6338545652134855e-05,0.0004251578648108989
2459771.334185393,0.9838155249506432,3.6337326025186795e-05,0.00042515785025898367
2459771.3346955823,0.983332098725391,3.633353605460709e-05,0.00042515784298302606
2459771.335205772,0.9835980798499878,3.633395362385864e-05,0.0004251578575349413
2459771.335715961,0.9835957129975271,3.6335883787404754e-05,0.00042515784298302606
2459771.336226151,0.9837036053156453,3.6339015024051534e-05,0.00042515785025898367
2459771.33673634,0.9836183414640844,3.633717158432112e-05,0.0004251578575349413
2459771.3372465298,0.983250737973638,3.6336180377701645e-05,0.0004251578575349413
2459771.337756719,0.9833102898385745,3.633805972020296e-05,0.00042515784298302606
2459771.338266908,0.9834257835002018,3.6336800236761695e-05,0.0004251578648108989
2459771.3387850695,0.9827596337175343,3.576917963964364e-05,0.00043844402534887195
2459771.3393112025,0.9829641639573995,3.57698568069578e-05,0.0004384440471767448
2459771.339837335,0.9829608481703469,3.577134814656404e-05,0.00043844403262482956
2459771.340363468,0.9831680344989595,3.577272344555194e-05,0.00043844403262482956
2459771.340889601,0.9831722866916113,3.577330146271366e-05,0.0004384440399007872
2459771.3414157336,0.9832830684907117,3.5773672783518185e-05,0.00043844402534887195
2459771.3419418666,0.9834285423277728,3.577465997311403e-05,0.0004384440399007872
2459771.3424679996,0.9832825326734211,3.577285884660793e-05,0.00043844402534887195
2459771.342994132,0.9837092731763432,3.5776832569567946e-05,0.0004384440471767448
2459771.343520265,0.9835813463021984,3.5776212642073326e-05,0.00043844402534887195
2459771.344046398,0.9834954807189001,3.5773945420548304e-05,0.0004384440399007872
2459771.3445725306,0.9833988038848042,3.5774042555079665e-05,0.00043844403262482956
2459771.3450986636,0.9835051676308568,3.577694067438441e-05,0.00043844403262482956
2459771.3456247966,0.9832195996910341,3.5774508921597416e-05,0.00043844403262482956
2459771.346150929,0.9829843477760819,3.5773483912555146e-05,0.00043844403262482956
2459771.346677062,0.9831393591344016,3.577471163667956e-05,0.00043844403262482956
2459771.347203195,0.9834028722079289,3.57770867401285e-05,0.00043844403262482956
2459771.3477293276,0.9834488945666097,3.5777221859999495e-05,0.0004384440399007872
2459771.3482554606,0.9834105929556827,3.5777998166021314e-05,0.00043844403262482956
2459771.3487815936,0.983384772640424,3.577697323902361e-05,0.00043844403262482956
2459771.3492997545,0.983230113444666,3.63298465982072e-05,0.00042515785025898367
2459771.349809944,0.9833590978919157,3.633260791772921e-05,0.00042515785025898367
2459771.3503201334,0.9831333473142146,3.633082992789991e-05,0.00042515785025898367
2459771.350830323,0.9834548029697211,3.6332976065854135e-05,0.00042515784298302606
2459771.3513405123,0.9832450648035918,3.633349423135801e-05,0.00042515785025898367
2459771.3518507015,0.983413985194558,3.633447845823775e-05,0.00042515783570706844
2459771.352360891,0.9832568482596297,3.6332231111613005e-05,0.00042515785025898367
2459771.3528710804,0.9834258715062898,3.6333629547189017e-05,0.00042515785025898367
2459771.35338127,0.9834686068911065,3.633560003396123e-05,0.00042515784298302606
2459771.3538914593,0.9834976595493298,3.6334707870410144e-05,0.00042515784298302606
2459771.354401649,0.9836487458812105,3.633658557233616e-05,0.00042515785025898367
2459771.354911838,0.9837652707344765,3.6335833686060836e-05,0.00042515785025898367
2459771.355422028,0.9836671213447743,3.633589463667734e-05,0.0004251578648108989
2459771.355932217,0.9838221633035314,3.633599313808843e-05,0.00042515785025898367
2459771.3564424063,0.9838263852945186,3.6338322536376645e-05,0.00042515784298302606
2459771.356952596,0.983988321674284,3.6339878800500176e-05,0.0004251578575349413
2459771.357462785,0.9837504984791001,3.633854607458069e-05,0.00042515784298302606
2459771.357972975,0.9839605817811782,3.633939446467134e-05,0.00042515785025898367
2459771.358483164,0.9838048581386496,3.6339866263490165e-05,0.00042515784298302606
2459771.358993354,0.9837631638087994,3.634052580380508e-05,0.00042515785025898367
2459771.359503543,0.9840431889634128,3.6342477397568267e-05,0.00042515783570706844
2459771.360013732,0.984165802196833,3.634321091014387e-05,0.00042515784298302606
2459771.360523922,0.9840000419418555,3.6341692733359035e-05,0.00042515785025898367
2459771.361034111,0.9839558136730104,3.634204968756387e-05,0.00042515784298302606
2459771.361544301,0.9838236021611012,3.6342849481793826e-05,0.0004251578575349413
2459771.36205449,0.9840288275538012,3.634507159811343e-05,0.00042515783570706844
2459771.3625646797,0.9840237252007256,3.634479911731452e-05,0.0004251578575349413
2459771.363074869,0.9839403697507736,3.634339801197071e-05,0.0004251578575349413
2459771.363585058,0.9837525067951829,3.6342465086667006e-05,0.00042515784298302606
2459771.364095248,0.9838193722854022,3.634482202351511e-05,0.00042515783570706844
2459771.364605437,0.9842841987495452,3.634990624901862e-05,0.0004251578575349413
2459771.3651156267,0.9840607554599565,3.634626148559953e-05,0.00042515784298302606
2459771.365625816,0.9842229073883131,3.634826712131591e-05,0.00042515783570706844
2459771.3661360056,0.9843700584451851,3.6349689664769616e-05,0.0004251578575349413
2459771.366646195,0.984257305516984,3.635007865730063e-05,0.00042515784298302606
2459771.367156384,0.984342421050273,3.635054604985951e-05,0.00042515785025898367
2459771.3676665737,0.9844355453852994,3.6350779354139346e-05,0.00042515784298302606
2459771.368176763,0.9845321170439176,3.635335680663105e-05,0.00042515784298302606
2459771.3686869526,0.9847384719881349,3.635589768599853e-05,0.00042515785025898367
2459771.369197142,0.9845731075678053,3.635502029834301e-05,0.00042515783570706844
2459771.369707331,0.9845567552032836,3.635472585291978e-05,0.00042515782843111083
2459771.3702175207,0.9846357920064551,3.635482226170601e-05,0.00042515784298302606
2459771.37072771,0.9846850265359751,3.6356912677609434e-05,0.00042515783570706844
2459771.3712378996,0.9846608688746026,3.635959475675871e-05,0.00042515782843111083
2459771.371748089,0.9847242959359012,3.636206362483461e-05,0.00042515783570706844
2459771.3722582785,0.9849535679522894,3.636280366912395e-05,0.00042515784298302606
2459771.3727684678,0.9850212544517745,3.6361350180168655e-05,0.00042515784298302606
2459771.373278657,0.9849958813441694,3.636341166125743e-05,0.00042515785025898367
2459771.3737888467,0.9853046340568095,3.636562980913606e-05,0.00042515783570706844
2459771.374299036,0.985263244913282,3.636553420995384e-05,0.00042515784298302606
2459771.3748092256,0.9853794920852559,3.6369273312107535e-05,0.00042515784298302606
2459771.375319415,0.9857240356140266,3.6373063965503005e-05,0.00042515783570706844
2459771.3758296045,0.9856324671513493,3.6372817241151464e-05,0.00042515785025898367
2459771.3763397937,0.9858884126534928,3.637613859607204e-05,0.00042515785025898367
2459771.376849983,0.986002130103456,3.637535224472819e-05,0.00042515784298302606
2459771.3773601726,0.9859174552409316,3.637815036724549e-05,0.00042515784298302606
2459771.377870362,0.9863554777641935,3.6383662766289563e-05,0.00042515784298302606
2459771.3783805515,0.9868710575388517,3.6391915857502966e-05,0.00042515783570706844
2459771.3788907407,0.987000393300403,3.639735027653243e-05,0.0004251578575349413
2459771.3794009304,0.9872467203638039,3.640285897018975e-05,0.00042515782843111083
2459771.3799111196,0.9875465773373105,3.6408730806866724e-05,0.00042515783570706844
2459771.380421309,0.9881911249657365,3.6418538616684276e-05,0.0004251578575349413
2459771.3809314985,0.9884883527103088,3.6425119080999406e-05,0.00042515783570706844
2459771.3814416877,0.98896208509021,3.643501755062525e-05,0.00042515784298302606
2459771.3819518774,0.9895193587889345,3.6445351940531765e-05,0.00042515785025898367
2459771.3824620666,0.9899626854847687,3.645329038070822e-05,0.00042515783570706844
2459771.382972256,0.9903308926468258,3.6460816500922544e-05,0.00042515784298302606
2459771.3834824455,0.9909175800200234,3.646966009123308e-05,0.0004251578575349413
2459771.3839926347,0.9914999130022838,3.647907511546923e-05,0.00042515782843111083
2459771.3845028244,0.9919536981972876,3.648709370835173e-05,0.00042515782843111083
2459771.3850130136,0.9925026856954912,3.64963725312639e-05,0.00042515784298302606
2459771.3855232033,0.9932756333993252,3.6508985935269255e-05,0.00042515782843111083
2459771.3860333925,0.9934838808937232,3.6514086792415814e-05,0.00042515785025898367
2459771.3865435817,0.9941746169602802,3.65257227128088e-05,0.00042515784298302606
2459771.3870537714,0.9944278848244809,3.653542537218822e-05,0.00042515783570706844
2459771.3875639606,0.9950325550594276,3.654390055485221e-05,0.00042515784298302606
2459771.3880741503,0.9952968797865831,3.6550928279420366e-05,0.00042515785025898367
2459771.3885843395,0.9956159551173921,3.655665213132594e-05,0.00042515783570706844
2459771.3890945287,0.9962040108948295,3.6566693074738593e-05,0.00042515783570706844
2459771.3896047184,0.9966507386928181,3.657517035122138e-05,0.00042515785025898367
2459771.3901149076,0.9969625240703931,3.6581570213844106e-05,0.00042515784298302606
2459771.3906250973,0.9973500486299448,3.658712839791442e-05,0.00042515783570706844
2459771.3911352865,0.997735650141705,3.65950274676896e-05,0.00042515783570706844
2459771.391645476,0.9979498071449175,3.6601542676048146e-05,0.0004251578575349413
2459771.3921556654,0.9984714783874457,3.660743379612189e-05,0.00042515782843111083
2459771.3926658547,0.9986480249576232,3.6613932756272214e-05,0.00042515782843111083
2459771.3931760443,0.9990953850093315,3.661958742512214e-05,0.0004251578575349413
2459771.3936862336,0.9992560175195909,3.6624981468211005e-05,0.0004251578575349413
2459771.3941964232,0.9993825841697183,3.662763186079152e-05,0.00042515785025898367
2459771.3947066125,0.9996202764769703,3.663180699089818e-05,0.00042515784298302606
2459771.3952168017,0.9997145018960283,3.6634511800154024e-05,0.00042515784298302606
2459771.3957269914,0.9996022942134428,3.6633980670727275e-05,0.00042515783570706844
2459771.3962371806,0.999753807037174,3.6634613676837356e-05,0.00042515784298302606
2459771.3967473703,0.9995953634534881,3.663273528799151e-05,0.00042515784298302606
2459771.3972575595,0.9998520223062313,3.663488765505318e-05,0.00042515783570706844
2459771.3977677487,0.9998950469522171,3.663631428821682e-05,0.00042515785025898367
2459771.3982779384,0.9995740672260637,3.663175999239064e-05,0.00042515783570706844
2459771.3987881276,0.9998069015818284,3.663339941787023e-05,0.00042515782843111083
2459771.3992983173,0.999633346977519,3.6632766271811876e-05,0.0004251578575349413
2459771.3998085065,0.9997273733040388,3.6637221830533965e-05,0.00042515783570706844
2459771.4003186957,0.9998579029318309,3.6636754295058644e-05,0.00042515783570706844
2459771.4008288854,1.000163950604396,3.6637145064820794e-05,0.00042515784298302606
2459771.4013390746,1.0000019537738831,3.663595182391664e-05,0.00042515783570706844
2459771.4018492643,1.0001836918136833,3.663860513667901e-05,0.00042515783570706844
2459771.4023594535,1.00007239245802,3.663672789808854e-05,0.00042515785025898367
2459771.4028696427,0.9998893023630364,3.663527369477091e-05,0.0004251578211551532
2459771.4033798324,1.0000605982228583,3.6636331008516664e-05,0.00042515785025898367
2459771.4038900216,0.9999879298739766,3.66364718492535e-05,0.00042515784298302606
2459771.4044002113,0.999979852258903,3.6638044382446825e-05,0.00042515783570706844
2459771.4049104005,1.0002248683205759,3.664074482863618e-05,0.00042515782843111083
2459771.40542059,1.0000529289737774,3.663770232325777e-05,0.00042515784298302606
2459771.4059307794,0.9998767293204042,3.6636515584705266e-05,0.00042515784298302606
2459771.4064409686,1.0000951810213792,3.6637966483000586e-05,0.00042515783570706844
2459771.4069511583,1.000117726940318,3.6640602349185e-05,0.00042515783570706844
2459771.4074613475,0.9999264164134377,3.663783269890767e-05,0.00042515783570706844
2459771.407971537,0.9998385346415383,3.663741224737155e-05,0.00042515783570706844
2459771.4084817264,1.0001092123632973,3.663948255265951e-05,0.00042515783570706844
2459771.4089919156,1.0001426088728038,3.6639092821259786e-05,0.00042515782843111083
2459771.4095021053,1.0001166845314355,3.664089560149726e-05,0.00042515784298302606
2459771.4100122945,1.0000996835275666,3.663890752217249e-05,0.00042515785025898367
2459771.410522484,0.9998991401830168,3.6637637413199664e-05,0.00042515782843111083
2459771.4110326734,1.000032014631124,3.6639218843476394e-05,0.00042515783570706844
2459771.4115428627,1.0000710902284125,3.663813291185501e-05,0.00042515783570706844
2459771.4120530523,0.9999096868313525,3.6636177480472735e-05,0.0004251578211551532
2459771.4125632416,0.9998700709742611,3.663594883341766e-05,0.00042515783570706844
2459771.4130734312,1.0000768730700862,3.663914752124812e-05,0.00042515784298302606
2459771.4135836205,1.0003229215016936,3.664188993671477e-05,0.00042515782843111083
2459771.4140938097,1.0002604902041514,3.6641729336391835e-05,0.00042515783570706844
2459771.4146039994,1.000237303273674,3.664056011963885e-05,0.00042515784298302606
2459771.4151141886,1.000069304880227,3.663902246007151e-05,0.00042515782843111083
2459771.4156243782,1.0001256214911811,3.664081993911116e-05,0.00042515782843111083
2459771.4161345675,0.9998727415759473,3.66400585074168e-05,0.00042515784298302606
2459771.4166447567,1.0000169800800929,3.664168384949274e-05,0.00042515784298302606
2459771.4171549464,0.9999321342122689,3.663925262064288e-05,0.00042515783570706844
2459771.4176651356,0.9998140249284238,3.6637196189433136e-05,0.00042515782843111083
2459771.4181753253,0.9997158926103887,3.663993565093551e-05,0.00042515784298302606
2459771.4186855145,1.000009207812684,3.6641290244038314e-05,0.0004251578211551532
2459771.4191957037,0.9998584426971806,3.6638947713204385e-05,0.00042515784298302606
2459771.4197058934,0.9998620259091255,3.6639289236685214e-05,0.00042515784298302606
2459771.4202160826,0.9998891369183727,3.66405726127848e-05,0.0004251578211551532
2459771.4207262723,1.000176068871467,3.664398731882102e-05,0.00042515782843111083
2459771.4212364615,0.9998689220008046,3.6640599994471846e-05,0.00042515784298302606
2459771.4217466507,0.9998182487707928,3.664089437819001e-05,0.00042515782843111083
2459771.4222568404,1.0001717120550728,3.6641797291582605e-05,0.00042515783570706844
2459771.4227670296,1.0001203297836336,3.664070904554233e-05,0.00042515783570706844
2459771.4232772193,1.0003913466713579,3.664404055787491e-05,0.00042515782843111083
2459771.4237874085,1.0001892609496605,3.664138773744936e-05,0.00042515784298302606
2459771.4242975977,1.0002209380280693,3.6641915679929806e-05,0.00042515785025898367
2459771.4248077874,1.000273101557342,3.664420998557974e-05,0.00042515783570706844
2459771.4253179766,1.0003033594276258,3.664346497030054e-05,0.000425157806603238
2459771.4258281663,1.0002610025663008,3.6644219874206295e-05,0.00042515784298302606
2459771.4263383555,0.9999949171720101,3.664050660145463e-05,0.00042515782843111083
2459771.4268485447,1.0001964700184027,3.664402253083379e-05,0.00042515782843111083
2459771.4273587344,1.000220440109297,3.664363383843563e-05,0.00042515784298302606
2459771.4278689236,1.0001464393312292,3.664184049449394e-05,0.00042515782843111083
2459771.428379113,1.0003645268436985,3.664536078155932e-05,0.000425157806603238
2459771.4288893025,1.0002823110139172,3.6642511553828525e-05,0.00042515787936281413
2459771.4293994918,1.000176057783611,3.6643254447951785e-05,0.0004251578211551532
2459771.4299096814,1.00033583112129,3.664421444805171e-05,0.00042515779932728037
2459771.4304198707,1.0002747097800662,3.6643420017926914e-05,0.00042515779932728037
2459771.43093006,1.0000319412086205,3.66415508994639e-05,0.0004251578211551532
2459771.4314402496,1.0001660561218502,3.664289475505171e-05,0.00042515787936281413
2459771.431950439,1.0002836402663122,3.664555879768447e-05,0.00042515787936281413
2459771.4324606284,1.0002701865825119,3.66443104093744e-05,0.0004251578720868565
2459771.4329708177,1.0003040976404636,3.6645053322352134e-05,0.000425157806603238
2459771.433481007,1.0004005876749567,3.6645779784537274e-05,0.00042515779932728037
2459771.4339911966,1.0004300369066528,3.664639220667112e-05,0.0004251578211551532
2459771.434501386,1.000239495578058,3.664434659824079e-05,0.00042515782843111083
2459771.4350115755,1.000329191077519,3.6645882348234643e-05,0.0004251578575349413
2459771.4355217647,1.000511387731521,3.6648839113705324e-05,0.0004251578138791956
2459771.436031954,1.0000693070723115,3.663978713230499e-05,0.00042515785025898367
2459771.4365421436,0.9999878960927452,3.663828504526248e-05,0.0004251578138791956
2459771.437052333,0.9998350796820549,3.663648123220717e-05,0.0004251578575349413
2459771.437562522,1.0001240806141947,3.6640630966097216e-05,0.000425157806603238
2459771.4380727117,1.0001667153157512,3.66396915387803e-05,0.00042515784298302606
2459771.438582901,0.9997928850499681,3.6639524230442557e-05,0.00042515783570706844
2459771.4390930906,0.9999156475389407,3.66408672092432e-05,0.0004251578138791956
2459771.43960328,0.9997955892165723,3.663819585459744e-05,0.00042515782843111083
2459771.440113469,1.0003034816607557,3.66419452677837e-05,0.00042515785025898367
2459771.4406236587,0.9998792347426039,3.6641481849779915e-05,0.00042515782843111083
2459771.441133848,0.9997125166167798,3.663942910670233e-05,0.00042515782843111083
2459771.4416440376,0.999721272847869,3.66383316239497e-05,0.00042515782843111083
2459771.442154227,0.9997397665792509,3.663894308302079e-05,0.00042515782843111083
2459771.442664416,0.9998284513863401,3.6642011472704655e-05,0.0004251578211551532
2459771.4431746057,0.9997273569419645,3.6641042390423844e-05,0.00042515782843111083
2459771.443684795,0.999602729208637,3.6638787694115335e-05,0.00042515782843111083
2459771.4441949846,0.9995228324784096,3.6639388198713036e-05,0.00042515783570706844
2459771.444705174,0.9997069669957067,3.664140807151032e-05,0.0004251578211551532
2459771.445215363,0.9995131594833577,3.663888458934899e-05,0.00042515783570706844
2459771.4457255527,0.999541289164816,3.663844519319513e-05,0.0004251578211551532
2459771.446235742,0.9995352354856386,3.663694826661758e-05,0.0004251578211551532
2459771.446745931,0.9998761924204053,3.663970767257036e-05,0.00042515783570706844
2459771.447256121,0.9998068441408152,3.664093125545235e-05,0.00042515783570706844
2459771.44776631,0.9998865052123339,3.6640518210174636e-05,0.00042515779932728037
2459771.4482764998,1.0000828192393074,3.664335313130875e-05,0.00042515782843111083
2459771.448786689,0.9998446794639478,3.664215803290162e-05,0.00042515783570706844
2459771.449296878,0.9999441220614436,3.664166163194419e-05,0.0004251578211551532
2459771.449807068,1.0000151628619884,3.6643424892844475e-05,0.00042515782843111083
2459771.450317257,0.9999161933447669,3.664183047536524e-05,0.00042515782843111083
2459771.4508274463,0.9998966496620865,3.664132417952927e-05,0.0004251578138791956
2459771.451337636,0.9997931140203452,3.6640858456651605e-05,0.00042515782843111083
2459771.451847825,1.0000837725632847,3.664283900414721e-05,0.00042515784298302606
2459771.452358015,0.9998642906398245,3.664118635727626e-05,0.0004251578211551532
2459771.452868204,0.9998137055516704,3.664050998597222e-05,0.00042515783570706844
2459771.4533783933,0.9997630185878871,3.664131350811486e-05,0.0004251578211551532
2459771.453888583,0.9999714129064293,3.664517536660399e-05,0.00042515782843111083
2459771.454398772,0.999790170352629,3.66425245211177e-05,0.00042515784298302606
2459771.4549089614,0.9997684951679233,3.6642817929290276e-05,0.0004251578211551532
2459771.455419151,0.999867841125262,3.6643287957786876e-05,0.00042515782843111083
2459771.4559293403,0.9999634345296132,3.664486155299828e-05,0.00042515783570706844
2459771.45643953,0.9999925831194502,3.664403385000492e-05,0.0004251578211551532
2459771.456949719,0.9999852120569389,3.664366028313103e-05,0.0004251578211551532
2459771.4574599084,1.0000560547185549,3.6644491238347875e-05,0.00042515784298302606
2459771.457970098,0.9998494458240275,3.6643189575765515e-05,0.00042515782843111083
2459771.4584802873,0.9999352009918421,3.6643715572204465e-05,0.0004251578211551532
2459771.458990477,1.0000310000470254,3.66447286531786e-05,0.00042515782843111083
2459771.4595006662,0.9999588047799887,3.664427828647516e-05,0.0004251578211551532
2459771.4600108555,0.9998188424481613,3.6642737398665085e-05,0.00042515782843111083
2459771.460521045,0.9999627282131023,3.6644408767436495e-05,0.00042515782843111083
2459771.4610312344,0.9999404439649454,3.664553486249601e-05,0.0004251578138791956
2459771.4615414236,1.0000022599891714,3.664654246372081e-05,0.00042515783570706844
2459771.4620516133,1.0000805112044453,3.664386285240636e-05,0.00042515783570706844
2459771.4625618025,1.0001081400621514,3.66471315325136e-05,0.0004251578211551532
2459771.4630719917,0.9998660152272894,3.664717375386307e-05,0.00042515783570706844
2459771.4635821814,0.9998303387127618,3.6645006474306563e-05,0.00042515783570706844
2459771.4640923706,0.9999223877680693,3.664526919818221e-05,0.0004251578138791956
2459771.4646025603,0.9999181609038448,3.664508869006608e-05,0.00042515783570706844
2459771.4651127495,1.000041559528843,3.664571236865795e-05,0.0004251578138791956
2459771.4656229387,0.9999367946322727,3.6647075485855634e-05,0.00042515782843111083
2459771.4661331284,1.0002664463229896,3.664992065775517e-05,0.00042515782843111083
2459771.4666433176,1.0000291846066456,3.6647190642810915e-05,0.0004251578211551532
2459771.467153507,1.0001216426983717,3.664861408928951e-05,0.0004251578138791956
2459771.4676636965,1.0003270191269098,3.664959759325886e-05,0.00042515783570706844
2459771.4681738857,1.000319344443144,3.664825752045659e-05,0.0004251578211551532
2459771.4686840754,1.000575349121372,3.664952189567299e-05,0.0004251578138791956
2459771.4691942646,1.000149580953225,3.664676320091674e-05,0.00042515783570706844
2459771.469704454,1.0002459982950431,3.664599789432138e-05,0.0004251578138791956
2459771.4702146435,1.0001671013813187,3.6646843241470086e-05,0.00042515782843111083
2459771.4707248327,1.0000218516105295,3.664656288374433e-05,0.00042515782843111083
2459771.471235022,1.0000034210436524,3.664693864241122e-05,0.0004251578138791956
2459771.4717452116,1.0001985568838605,3.664811753439924e-05,0.00042515783570706844
2459771.472255401,1.0000112006226074,3.6647184360382155e-05,0.0004251578211551532
2459771.4727655905,1.000034773254084,3.6647850882035515e-05,0.0004251578211551532
2459771.4732757797,1.0002250417499408,3.665158059532108e-05,0.0004251578211551532
2459771.473785969,1.0000468144567605,3.664835445278921e-05,0.00042515782843111083
2459771.4742961586,0.9999812051036943,3.6647405891073034e-05,0.0004251578138791956
2459771.474806348,1.0005456581381975,3.666209550694736e-05,0.00042515782843111083
2459771.475316537,0.9997496409032082,3.6646984489286494e-05,0.0004251578138791956
2459771.4758267268,0.9999795832370519,3.6649066469763085e-05,0.0004251578138791956
2459771.476336916,0.9999111315614315,3.664831210919793e-05,0.0004251578211551532
2459771.4768471057,1.0002174768171959,3.665193667384874e-05,0.0004251578138791956
2459771.477357295,1.0001546059630047,3.6649703362690676e-05,0.00042515782843111083
2459771.477867484,1.000153930792144,3.664966220479875e-05,0.0004251578211551532
2459771.478377674,1.0003067683303128,3.665110558042772e-05,0.0004251578211551532
2459771.478887863,1.0000538570372557,3.664714610370433e-05,0.00042515782843111083
2459771.479398052,1.0001189296682553,3.664845571058238e-05,0.0004251578211551532
2459771.479908242,1.0001382427002634,3.665023930727377e-05,0.0004251578211551532
2459771.480418431,0.999999170265045,3.6648469924594794e-05,0.00042515782843111083
2459771.4809286203,1.0001892479408807,3.665061125736217e-05,0.00042515782843111083
2459771.48143881,0.9999834105105679,3.6646884194440776e-05,0.0004251578211551532
2459771.481948999,1.0001403105297952,3.664997591124922e-05,0.00042515782843111083
2459771.4824591884,0.9998453840122448,3.664674364387891e-05,0.0004251578211551532
2459771.482969378,0.9998556658568932,3.664824756993921e-05,0.0004251578138791956
2459771.4834795673,0.9999433669744647,3.664893832907786e-05,0.00042515782843111083
2459771.483989757,1.000071655752322,3.665400173662268e-05,0.0004251578138791956
2459771.4844999462,1.000052817471531,3.665207991949341e-05,0.0004251578211551532
2459771.4850101355,0.9999501663511575,3.6651686538651055e-05,0.0004251578211551532
2459771.485520325,1.0000646570865481,3.6652050290155125e-05,0.0004251578138791956
2459771.4860305144,1.0001426199615635,3.665265435078932e-05,0.00042515782843111083
2459771.4865407036,1.0000951672786502,3.6652673555537734e-05,0.0004251578138791956
